nomor,nama,alamat,penggunaan
1,Joletta Stormonth,5568 Jana Way,43
2,Judy Allnatt,423 Derek Plaza,44
3,Gigi Gaywood,58 Moose Drive,13
4,Donnajean Antonnikov,9149 Hoepker Court,19
5,Hasheem Luckes,6 Bashford Alley,26
6,Bren Kubach,465 Service Lane,65
7,Horatio Fancy,717 Cordelia Drive,65
8,Winonah Masdon,386 Emmet Parkway,24
9,Martelle Frean,093 Jackson Way,98
10,Samson Kmicicki,84883 Goodland Point,53
11,Delilah Robardet,476 Hazelcrest Parkway,66
12,Niels Keener,928 Golden Leaf Junction,76
13,Ruth Watson-Brown,185 Beilfuss Center,2
14,Adlai Aubrun,38729 Rutledge Parkway,17
15,Lily Castanares,0 Towne Place,71
16,Annadiane Madeley,2360 Gulseth Way,98
17,Reba Benoy,7337 Elgar Terrace,47
18,Winonah Corneille,7 Truax Plaza,53
19,Jacinta Cabell,668 Pearson Center,71
20,Kelvin Benasik,67 Declaration Junction,36
21,Portie Coom,46 Eastwood Court,51
22,Brook Lochead,49 Forest Dale Circle,59
23,Eziechiele Bagguley,4 Nobel Avenue,36
24,Eric Jakubovicz,8117 Jackson Parkway,51
25,Rodrigo Marlon,859 Golf View Way,57
26,Mirella Spawell,2 Butternut Crossing,59
27,Carlee Murford,6 Marcy Road,14
28,Jon Galbraith,825 Vahlen Crossing,67
29,Merill Macellar,93 Pankratz Crossing,86
30,Sydney Hullins,1 Cherokee Park,6
31,Luise Macklam,5 Southridge Court,28
32,Bartram Jeacop,82324 Manley Way,24
33,Fairlie Taplin,82480 Bonner Court,94
34,Una Jasik,41 Monterey Crossing,51
35,Tomlin Passingham,6591 Sommers Junction,82
36,Saundra Blight,0735 Golf View Road,65
37,Towney Shave,63376 Oakridge Road,63
38,Vivyanne Petrolli,46 Emmet Road,1
39,Kessiah Castiglioni,4 Mallory Place,97
40,Jermayne Bourthoumieux,80127 Scofield Alley,64
41,Pierson Cowser,3708 Dryden Point,22
42,Dru Kilfoyle,3721 Mitchell Place,38
43,Brande Boas,534 Warrior Court,97
44,Konstanze Owain,96 Sauthoff Park,87
45,Ware Thominga,02851 Fremont Way,67
46,Karisa Ratledge,5752 Daystar Drive,15
47,Doralynne Grigg,147 Randy Plaza,11
48,Dulsea Hessle,7 Randy Crossing,93
49,Kaile Hatch,24 Express Pass,41
50,Flora Dalziel,49 Daystar Avenue,25
51,Catarina Spinas,4 Wayridge Way,11
52,Davidde Kilmurry,394 Amoth Alley,13
53,Lalo Petyt,29 Daystar Circle,88
54,Josepha Haizelden,5912 Continental Parkway,61
55,Billy Colvin,5 Prairieview Center,51
56,Mose Orthmann,7064 Nobel Park,29
57,Jennifer Garnett,8 Duke Street,90
58,Cindy Featherstone,81 Carberry Circle,91
59,Ammamaria Babinski,961 Mariners Cove Junction,56
60,Nevsa Tendahl,674 Judy Lane,79
61,Em Basezzi,56027 Browning Way,5
62,Lisette Shortin,4 Loftsgordon Hill,92
63,Vyky Vize,7 Union Road,40
64,Vonny Heynen,72023 Sunfield Center,17
65,Debera Gollin,8025 Cottonwood Crossing,46
66,Ashlee Brittan,2624 Sullivan Lane,26
67,Jordanna Paulillo,9 Loftsgordon Alley,52
68,Barb Bailiss,44179 Granby Park,18
69,Worthington Hambrook,671 Amoth Lane,65
70,Gabi Domel,7 Farragut Circle,47
71,Tammie McGilvray,26012 Monica Way,83
72,Mannie Tofful,42883 Claremont Point,51
73,Zulema Seagrove,5 Cody Road,41
74,Rubetta Moller,6 Forster Plaza,44
75,Marja Ruse,8825 Buhler Street,52
76,Vic Snowsill,23 Village Point,14
77,Vinnie Coneron,034 Parkside Crossing,77
78,Tiffany Wixon,8 David Court,79
79,Rivkah Tynemouth,41 Huxley Center,26
80,Clotilda Jenks,1247 Londonderry Terrace,92
81,Keri Cerith,79 Mccormick Lane,38
82,Sholom Gullan,5 Tennyson Court,73
83,Arabel Pharaoh,05 Iowa Plaza,71
84,Khalil Jearum,036 Waywood Lane,34
85,Adoree Gripton,74 Cascade Court,19
86,Anissa Beniesh,55 Maryland Court,59
87,Carmelia Minmagh,8 Monterey Crossing,28
88,Wini Blooman,17384 Victoria Junction,43
89,Sylvester Silson,5870 Hazelcrest Street,66
90,Karel Kestell,87 Ridgeview Avenue,11
91,Marilin Turrill,988 Reindahl Crossing,79
92,Kylila Gaunt,52 Mayfield Lane,96
93,Conway Rampling,1 Little Fleur Park,10
94,Harli Courtois,3426 Portage Lane,7
95,Cart Guerreau,73460 Del Sol Pass,44
96,Richard Crinion,629 Oneill Hill,41
97,Ophelia Goodrich,66 Lighthouse Bay Pass,79
98,Taryn Segot,47995 Oak Valley Center,99
99,Toni Petyankin,07 Maple Center,55
100,Elvin Bridie,899 Lake View Circle,42
